,filter_size,kernel_size,skip,regularization,dropout_rate,activation,pooling,output,Connection id
0,16,5,True,dropout,0.0,tanh,True,transpose,-16
1,32,5,True,spatial_dropout,0.0,relu,False,dense,-4
2,32,4,True,dropout,0.5,tanh,False,dense,-3
3,16,2,False,dropout,0.5,selu,False,dense,-12
4,32,1,False,spatial_dropout,0.0,tanh,True,dense,-14
5,32,3,True,spatial_dropout,0.3,relu,False,dense,-8
6,32,4,True,dropout,0.3,selu,False,transpose,-13
7,32,3,True,spatial_dropout,0.0,relu,False,dense,-13
8,64,3,False,spatial_dropout,0.3,tanh,True,dense,-17
9,64,3,True,dropout,0.3,relu,True,transpose,-18
10,64,1,True,spatial_dropout,0.0,selu,True,dense,-5
11,16,2,True,dropout,0.3,relu,False,transpose,-6
12,16,5,False,spatial_dropout,0.0,tanh,False,transpose,0
13,128,1,False,spatial_dropout,0.5,selu,False,dense,-10
14,64,2,False,spatial_dropout,0.0,selu,False,dense,-6
15,64,1,True,dropout,0.5,tanh,False,dense,9
16,32,3,False,spatial_dropout,0.5,tanh,True,transpose,-4
17,32,1,True,dropout,0.3,tanh,False,transpose,-7
18,32,3,False,spatial_dropout,0.0,relu,True,transpose,-8
19,32,2,False,spatial_dropout,0.3,tanh,True,transpose,-10
20,16,5,True,dropout,0.3,selu,True,dense,2
21,32,1,False,spatial_dropout,0.5,relu,False,transpose,10
22,128,1,True,dropout,0.3,tanh,True,transpose,8
23,32,5,True,spatial_dropout,0.0,relu,True,dense,8
24,32,1,True,spatial_dropout,0.0,selu,False,transpose,15
25,32,2,True,dropout,0.0,selu,True,dense,4
26,128,2,True,spatial_dropout,0.5,tanh,True,transpose,3
27,16,5,True,dropout,0.3,tanh,False,dense,5
28,16,5,False,dropout,0.5,tanh,False,transpose,12
29,128,3,False,spatial_dropout,0.5,selu,False,transpose,8
30,32,2,True,dropout,0.3,relu,True,dense,24
